Id;fecha;ingreso1;ingreso2;ingreso3;ingreso4;ingreso5;Sexo;Estadocivil;Trabajador;Nacionalidad;Sangre;logica
1001;1/1/2018;6432;8715;5028;1305;4265;M;3;3;7;A;TRUE
1002;2/1/2018;8494;7370;3066;2180;7449;H;3;1;5;B;FALSE
1003;3/1/2018;9529;1936;5597;2398;4697;M;2;1;4;AB;TRUE
1004;4/1/2018;9565;1513;4609;1674;9828;H;2;3;5;O;FALSE
1005;5/1/2018;4061;6501;3367;3283;7437;M;3;3;5;A;TRUE
1006;6/1/2018;3137;4938;2294;1515;8726;H;3;3;5;B;FALSE
1007;7/1/2018;8326;6700;9813;9265;4149;M;3;2;2;AB;TRUE
1008;8/1/2018;8668;8028;3146;7369;2235;H;4;1;6;O;FALSE
1009;9/1/2018;4328;3387;9795;7312;4338;M;2;1;5;A;TRUE
1010;10/1/2018;5574;2583;1824;2521;9390;H;2;2;5;B;FALSE
1011;11/1/2018;9831;7634;6160;3350;8799;M;4;1;1;AB;TRUE
1012;12/1/2018;7186;4512;7929;5372;7099;H;4;1;2;O;FALSE
1013;13/1/2018;7225;4669;2578;2732;7463;M;2;2;2;A;TRUE
1014;14/1/2018;7409;8977;4308;7413;2761;H;2;3;1;B;FALSE
1015;15/1/2018;5472;1421;1399;8397;7460;M;1;3;4;AB;TRUE
1016;16/1/2018;4600;9369;5683;4386;2249;H;3;1;7;O;FALSE
1017;17/1/2018;1812;7869;8824;7565;4254;M;1;1;7;A;TRUE
1018;18/1/2018;4322;5757;4739;6870;8048;H;1;3;5;B;FALSE
1019;19/1/2018;4594;2568;3795;1661;3149;M;4;2;1;AB;TRUE
1020;20/1/2018;6434;2480;1619;7441;6300;H;3;3;6;O;FALSE
1021;21/1/2018;9445;9545;2053;1320;7334;M;2;3;5;A;TRUE
1022;22/1/2018;4032;3510;7020;9826;4341;H;4;1;3;B;FALSE
1023;23/1/2018;1291;5538;8092;5979;6197;M;2;3;3;AB;TRUE
1024;24/1/2018;2049;9890;5321;5596;6654;H;1;1;7;O;FALSE
1025;25/1/2018;5783;8626;1734;2796;8892;M;3;1;1;A;TRUE
1026;26/1/2018;9739;9519;7279;1042;3178;H;2;3;5;B;FALSE
1027;27/1/2018;3222;7809;4025;6714;7074;M;3;1;1;AB;TRUE
1028;28/1/2018;2117;7808;5029;1213;7458;H;4;3;7;O;FALSE
1029;29/1/2018;9105;8904;3947;2596;1586;M;4;3;1;A;TRUE
1030;30/1/2018;3660;1801;5123;7232;2830;H;4;2;2;B;FALSE
1031;31/1/2018;1508;7272;3939;7847;3707;M;4;3;5;AB;TRUE
1032;1/2/2018;5091;2801;3015;3633;3693;H;1;3;1;O;FALSE
1033;2/2/2018;9670;7899;9242;9900;4227;M;1;3;3;A;TRUE
1034;3/2/2018;5307;9013;2198;3303;8007;H;4;2;7;B;FALSE
1035;4/2/2018;2965;8769;1369;7033;9686;M;3;2;1;AB;TRUE
1036;5/2/2018;1525;1510;4397;9614;7417;H;4;3;1;O;FALSE
1037;6/2/2018;3471;7168;7776;6541;1867;M;3;1;3;A;TRUE
1038;7/2/2018;3377;3083;4680;8246;1932;H;1;1;7;B;FALSE
1039;8/2/2018;6942;6187;7639;8254;9407;M;3;2;1;AB;TRUE
1040;9/2/2018;3612;3705;8665;3526;6591;H;1;1;2;O;FALSE
1041;10/2/2018;6891;7364;6248;5776;3397;M;4;1;3;A;TRUE
1042;11/2/2018;1379;4403;7299;8796;3091;H;3;1;1;B;FALSE
1043;12/2/2018;4295;8754;9382;1384;6307;M;4;3;3;AB;TRUE
1044;13/2/2018;9885;8863;8467;3877;5928;H;1;2;4;O;FALSE
1045;14/2/2018;4510;2382;1176;2566;9260;M;3;3;7;A;TRUE
1046;15/2/2018;9014;3893;9435;7957;8356;H;4;1;7;B;FALSE
1047;16/2/2018;9751;3549;2925;9705;6035;M;1;3;1;AB;TRUE
1048;17/2/2018;3566;8751;7897;1720;7407;H;3;2;5;O;FALSE
1049;18/2/2018;9310;6251;7261;8817;9174;M;3;3;3;A;TRUE
1050;19/2/2018;8716;9806;1173;9477;8118;H;3;3;2;B;FALSE
1051;20/2/2018;4341;5500;4984;8517;4227;M;1;2;3;AB;TRUE
1052;21/2/2018;3858;5359;9778;5002;6037;H;2;3;4;O;FALSE
1053;22/2/2018;9932;1955;4139;2452;7647;M;3;2;2;A;TRUE
1054;23/2/2018;3269;4694;8886;7323;8240;H;2;2;7;B;FALSE
1055;24/2/2018;2785;9810;3927;6970;8642;M;2;2;3;AB;TRUE
1056;25/2/2018;8423;3328;5822;9082;2852;H;1;2;1;O;FALSE
1057;26/2/2018;3346;9789;7128;4236;2452;M;3;1;2;A;TRUE
1058;27/2/2018;2464;8346;1620;9282;8091;H;4;3;1;B;FALSE
1059;28/2/2018;9385;9909;5685;1897;9431;M;4;1;3;AB;TRUE
1060;1/3/2018;5248;6209;3964;2986;7112;H;2;1;5;O;FALSE
1061;2/3/2018;5860;6103;4785;6361;6634;M;2;2;2;A;TRUE
1062;3/3/2018;2396;2056;8462;3835;8715;H;3;1;2;B;FALSE
1063;4/3/2018;2066;2738;8937;1999;7336;M;4;2;1;AB;TRUE
1064;5/3/2018;9801;9876;5883;1006;7897;H;4;1;6;O;FALSE
1065;6/3/2018;6956;3441;4963;9128;7522;M;4;3;5;A;TRUE
1066;7/3/2018;8418;1920;6274;6195;6265;H;3;2;7;B;FALSE
1067;8/3/2018;9711;4176;6661;9917;3215;M;4;1;5;AB;TRUE
1068;9/3/2018;3929;7150;7495;8901;9173;H;3;3;7;O;FALSE
1069;10/3/2018;6502;4047;1237;9595;8853;M;4;2;1;A;TRUE
1070;11/3/2018;8104;3282;3169;8639;3817;H;3;3;7;B;FALSE
1071;12/3/2018;1658;4817;4385;3882;4352;M;1;1;4;AB;TRUE
1072;13/3/2018;8540;4140;7608;9746;7070;H;2;1;3;O;FALSE
1073;14/3/2018;3885;5053;7781;3657;5263;M;4;3;7;A;TRUE
1074;15/3/2018;6247;3048;2510;6526;2404;H;3;2;4;B;FALSE
1075;16/3/2018;2721;4261;8007;7545;6709;M;3;3;7;AB;TRUE
1076;17/3/2018;1051;3718;5005;8515;5350;H;3;2;2;O;FALSE
1077;18/3/2018;5840;6701;7355;1328;3622;M;2;1;6;A;TRUE
1078;19/3/2018;9350;9787;2527;6508;2894;H;3;3;7;B;FALSE
1079;20/3/2018;6123;3952;6770;2354;6860;M;2;3;1;AB;TRUE
1080;21/3/2018;4585;3777;3272;6248;5566;H;3;2;5;O;FALSE
1081;22/3/2018;2863;8829;6920;4363;2216;M;3;3;2;A;TRUE
1082;23/3/2018;1281;6070;2375;1689;4436;H;2;1;1;B;FALSE
1083;24/3/2018;6074;1535;8063;8551;2189;M;1;3;5;AB;TRUE
1084;25/3/2018;7535;1055;3163;9001;9533;H;4;2;1;O;FALSE
1085;26/3/2018;6936;8610;7859;6578;4981;M;1;1;6;A;TRUE
1086;27/3/2018;4378;5078;6792;9060;8474;H;4;1;6;B;FALSE
1087;28/3/2018;6484;9365;8999;2137;4210;M;1;3;7;AB;TRUE
1088;29/3/2018;6919;2815;7264;4185;3214;H;1;2;6;O;FALSE
1089;30/3/2018;2165;3969;7205;1311;1406;M;4;2;2;A;TRUE
1090;31/3/2018;7420;9450;9869;7450;8727;H;2;3;7;B;FALSE
1091;1/4/2018;8641;9658;5401;4128;2115;M;2;3;2;AB;TRUE
1092;2/4/2018;4630;3042;5829;2533;4151;H;4;1;3;O;FALSE
1093;3/4/2018;5399;8702;8317;3725;2598;M;4;1;2;A;TRUE
1094;4/4/2018;6307;6003;8953;8093;8637;H;4;3;7;B;FALSE
1095;5/4/2018;3256;3906;2211;4397;9188;M;2;3;3;AB;TRUE
1096;6/4/2018;9386;4675;7687;8584;9015;H;3;2;2;O;FALSE
1097;7/4/2018;9524;7055;8406;2512;3274;M;1;2;1;A;TRUE
1098;8/4/2018;1847;8235;2166;5271;7436;H;3;2;5;B;FALSE
1099;9/4/2018;8805;7815;8040;1026;1442;M;3;3;2;AB;TRUE
1100;10/4/2018;2036;4510;1669;6179;7506;H;4;2;5;O;FALSE
1101;11/4/2018;8442;1392;7976;5403;3906;M;2;2;4;A;TRUE
1102;12/4/2018;9598;8614;6080;2791;5458;H;1;3;4;B;FALSE
1103;13/4/2018;1961;9412;5977;5038;9204;M;3;3;3;AB;TRUE
1104;14/4/2018;5133;5623;9575;6111;3044;H;3;1;3;O;FALSE
1105;15/4/2018;7770;9640;5055;2576;5037;M;4;2;4;A;TRUE
1106;16/4/2018;6198;7843;5375;8793;8205;H;2;3;6;B;FALSE
1107;17/4/2018;2865;6546;6632;3243;4541;M;3;2;5;AB;TRUE
1108;18/4/2018;1626;4578;3674;4216;5542;H;4;1;6;O;FALSE
1109;19/4/2018;4924;5125;8712;8460;7249;M;2;3;1;A;TRUE
1110;20/4/2018;6589;2953;3794;6247;3720;H;3;2;2;B;FALSE
1111;21/4/2018;9066;8455;5725;5932;2253;M;2;1;7;AB;TRUE
1112;22/4/2018;7728;9781;6945;5006;2824;H;3;1;1;O;FALSE
1113;23/4/2018;2840;6026;7772;5668;2764;M;1;3;1;A;TRUE
1114;24/4/2018;8329;4099;1820;1955;8834;H;3;1;3;B;FALSE
1115;25/4/2018;8185;1920;8105;6347;4062;M;1;2;5;AB;TRUE
1116;26/4/2018;1891;8602;7171;2488;2689;H;1;2;5;O;FALSE
1117;27/4/2018;1725;7865;7147;9666;3281;M;4;3;2;A;TRUE
1118;28/4/2018;2319;3507;9573;7756;1134;H;4;3;4;B;FALSE
1119;29/4/2018;5615;1089;8565;8093;6855;M;2;2;6;AB;TRUE
1120;30/4/2018;2058;8781;5423;6612;2005;H;3;2;6;O;FALSE
1121;1/5/2018;3518;4501;2810;8887;4331;M;1;2;2;A;TRUE
1122;2/5/2018;1290;4068;9815;9356;3435;H;1;2;3;B;FALSE
1123;3/5/2018;5924;8137;5508;7097;7760;M;1;1;5;AB;TRUE
1124;4/5/2018;6114;4411;7831;8673;3423;H;4;3;4;O;FALSE
1125;5/5/2018;4015;3191;3880;8864;9010;M;3;3;1;A;TRUE
1126;6/5/2018;3516;2456;7021;6949;4068;H;4;3;4;B;FALSE
1127;7/5/2018;5240;1582;2661;5561;9657;M;2;3;1;AB;TRUE
1128;8/5/2018;8929;6513;4084;4205;6965;H;3;1;1;O;FALSE
1129;9/5/2018;6221;8417;1018;1780;7862;M;2;2;2;A;TRUE
1130;10/5/2018;9165;3162;3707;5555;1314;H;1;2;2;B;FALSE
1131;11/5/2018;1312;5170;9114;5753;6126;M;2;1;3;AB;TRUE
1132;12/5/2018;7669;9537;9636;4740;7886;H;1;2;3;O;FALSE
1133;13/5/2018;3065;2740;2551;3106;2417;M;2;3;1;A;TRUE
1134;14/5/2018;2114;1754;8826;3839;1340;H;2;2;1;B;FALSE
1135;15/5/2018;5534;7888;2117;4916;5329;M;1;1;7;AB;TRUE
1136;16/5/2018;2260;6042;7841;3256;2569;H;3;3;5;O;FALSE
1137;17/5/2018;9266;6106;9592;4354;5841;M;3;1;7;A;TRUE
1138;18/5/2018;4873;3390;1181;7478;6049;H;4;2;6;B;FALSE
1139;19/5/2018;2983;3665;9745;9564;4309;M;2;1;7;AB;TRUE
1140;20/5/2018;1711;2370;6273;1458;3212;H;4;2;5;O;FALSE
1141;21/5/2018;7195;7824;2894;7551;5400;M;2;3;4;A;TRUE
1142;22/5/2018;2061;8662;4997;7426;2090;H;1;1;5;B;FALSE
1143;23/5/2018;1563;1068;5800;6751;7664;M;1;3;6;AB;TRUE
1144;24/5/2018;6968;8196;4894;9144;1882;H;2;3;3;O;FALSE
1145;25/5/2018;6552;4953;6987;6110;4491;M;2;1;3;A;TRUE
1146;26/5/2018;5392;5635;6006;6212;8732;H;4;1;3;B;FALSE
1147;27/5/2018;2224;4574;7665;3444;4100;M;4;2;6;AB;TRUE
1148;28/5/2018;1584;4754;1226;3214;2757;H;4;2;5;O;FALSE
1149;29/5/2018;6053;5427;4486;8033;7066;M;4;1;4;A;TRUE
1150;30/5/2018;3828;3013;7028;2924;1784;H;2;1;6;B;FALSE
1151;31/5/2018;6195;6306;2747;3659;8680;M;1;1;5;AB;TRUE
1152;1/6/2018;5374;3487;5664;8520;9812;H;2;1;2;O;FALSE
1153;2/6/2018;5326;6819;2834;7426;9776;M;4;3;7;A;TRUE
1154;3/6/2018;2179;1665;6075;3097;4768;H;2;1;4;B;FALSE
1155;4/6/2018;6358;9316;2068;5635;9494;M;1;3;6;AB;TRUE
1156;5/6/2018;4269;9033;8128;2583;4874;H;2;1;2;O;FALSE
1157;6/6/2018;6237;2472;3076;2339;3141;M;1;1;6;A;TRUE
1158;7/6/2018;9536;4812;5295;1836;3684;H;3;2;3;B;FALSE
1159;8/6/2018;9793;9372;2659;5387;3570;M;1;3;6;AB;TRUE
1160;9/6/2018;2034;1452;3885;4150;5098;H;1;3;1;O;FALSE
1161;10/6/2018;7124;8454;6628;1780;8206;M;4;3;7;A;TRUE
1162;11/6/2018;3816;8306;2632;8735;7547;H;3;1;7;B;FALSE
1163;12/6/2018;7125;4058;4712;7365;2438;M;3;3;3;AB;TRUE
1164;13/6/2018;8214;9304;8136;6607;9500;H;2;2;4;O;FALSE
1165;14/6/2018;6297;7741;3524;6661;4217;M;3;1;6;A;TRUE
1166;15/6/2018;1332;8920;8721;9677;2300;H;2;3;3;B;FALSE
1167;16/6/2018;5478;2705;7182;8398;6579;M;1;1;4;AB;TRUE
1168;17/6/2018;9021;9179;8767;3204;8220;H;4;3;1;O;FALSE
1169;18/6/2018;7617;1204;3995;2304;5673;M;4;3;5;A;TRUE
1170;19/6/2018;5867;4204;2642;8332;3810;H;1;2;5;B;FALSE
1171;20/6/2018;8363;2894;4603;9948;7278;M;3;1;2;AB;TRUE
1172;21/6/2018;1533;4988;7859;2244;6239;H;3;1;5;O;FALSE
1173;22/6/2018;2485;6629;8369;8596;7301;M;4;1;5;A;TRUE
1174;23/6/2018;6463;4025;9261;4701;3337;H;4;2;1;B;FALSE
1175;24/6/2018;2710;9987;5561;8397;6475;M;4;2;1;AB;TRUE
1176;25/6/2018;8970;7006;9575;3123;2059;H;1;2;3;O;FALSE
1177;26/6/2018;8940;7144;4384;2412;9080;M;2;1;1;A;TRUE
1178;27/6/2018;4513;2543;7504;5971;8256;H;1;2;5;B;FALSE
1179;28/6/2018;8629;5693;3153;1943;1490;M;1;2;4;AB;TRUE
1180;29/6/2018;6522;9289;5943;2965;9052;H;1;1;5;O;FALSE
1181;30/6/2018;6688;2871;6060;6393;1871;M;2;2;3;A;TRUE
1182;1/7/2018;6683;9501;9921;6559;3633;H;4;2;6;B;FALSE
1183;2/7/2018;5923;9343;8406;8384;5403;M;3;2;5;AB;TRUE
1184;3/7/2018;4774;8763;9581;9761;2913;H;4;1;7;O;FALSE
1185;4/7/2018;9190;3177;8285;3670;4041;M;4;2;5;A;TRUE
1186;5/7/2018;2760;9928;1709;4031;8287;H;1;1;5;B;FALSE
1187;6/7/2018;4107;1872;3888;4846;4802;M;3;3;4;AB;TRUE
1188;7/7/2018;5682;6766;2848;8172;9485;H;3;2;2;O;FALSE
1189;8/7/2018;6338;3942;1715;7554;5041;M;3;2;3;A;TRUE
1190;9/7/2018;5713;7562;8428;7788;1496;H;2;2;1;B;FALSE
1191;10/7/2018;5461;9798;2352;3763;7519;M;1;3;6;AB;TRUE
1192;11/7/2018;4366;8462;8518;4817;6304;H;4;1;6;O;FALSE
1193;12/7/2018;8061;9580;7710;2461;2001;M;3;2;6;A;TRUE
1194;13/7/2018;4058;8833;6394;9066;1628;H;1;1;3;B;FALSE
1195;14/7/2018;5692;3822;2259;3403;2890;M;1;1;4;AB;TRUE
1196;15/7/2018;9289;6513;5736;9442;7601;H;4;3;4;O;FALSE
1197;16/7/2018;1422;9845;2618;7245;7420;M;1;1;2;A;TRUE
1198;17/7/2018;6653;3576;4597;2928;8405;H;2;3;7;B;FALSE
1199;18/7/2018;2041;6018;2095;7239;9916;M;3;2;4;AB;TRUE
1200;19/7/2018;3925;1586;4118;1622;2613;H;3;1;2;O;FALSE
1201;20/7/2018;6625;9557;1023;7295;5478;M;4;2;4;A;TRUE
1202;21/7/2018;8574;8330;1260;3209;4858;H;2;2;1;B;FALSE
1203;22/7/2018;5459;6763;6062;1266;2662;M;4;1;1;AB;TRUE
1204;23/7/2018;8758;6858;4003;3562;4910;H;1;3;1;O;FALSE
1205;24/7/2018;5819;8284;6208;6370;4907;M;2;3;6;A;TRUE
1206;25/7/2018;4811;4631;2362;3100;9152;H;2;1;5;B;FALSE
1207;26/7/2018;3769;7417;9485;5603;1666;M;2;3;7;AB;TRUE
1208;27/7/2018;7686;1965;4947;3490;5948;H;1;3;7;O;FALSE
1209;28/7/2018;8152;3842;8883;7270;2403;M;2;3;7;A;TRUE
1210;29/7/2018;1127;6036;2751;2142;3002;H;3;3;6;B;FALSE
1211;30/7/2018;8766;8928;9094;1728;3734;M;2;3;6;AB;TRUE
1212;31/7/2018;7152;1212;1350;4689;4769;H;3;2;1;O;FALSE
1213;1/8/2018;3805;8340;2753;1036;1038;M;4;2;7;A;TRUE
1214;2/8/2018;4140;9485;8820;4583;4003;H;3;3;3;B;FALSE
1215;3/8/2018;3515;9985;9866;7890;4206;M;3;3;1;AB;TRUE
1216;4/8/2018;2384;1431;2985;9933;7268;H;4;2;4;O;FALSE
1217;5/8/2018;5480;4287;8239;7005;9854;M;2;2;3;A;TRUE
1218;6/8/2018;5201;6732;6203;5801;5191;H;2;3;3;B;FALSE
1219;7/8/2018;1858;7333;1501;8956;6041;M;4;2;6;AB;TRUE
1220;8/8/2018;8059;1120;4958;9021;4605;H;3;2;7;O;FALSE
1221;9/8/2018;3993;1649;8795;6928;3551;M;1;2;2;A;TRUE
1222;10/8/2018;8284;8175;6901;2067;6213;H;1;1;3;B;FALSE
1223;11/8/2018;7177;8744;2528;4831;1204;M;4;1;3;AB;TRUE
1224;12/8/2018;2442;1276;2109;7010;1942;H;2;1;7;O;FALSE
1225;13/8/2018;4551;4609;6500;3639;3851;M;3;1;7;A;TRUE
1226;14/8/2018;9376;4423;6858;5418;1533;H;2;2;3;B;FALSE
1227;15/8/2018;1092;7454;8463;8814;1340;M;3;3;2;AB;TRUE
1228;16/8/2018;9357;1348;7103;1864;1177;H;4;3;7;O;FALSE
1229;17/8/2018;4763;8907;2616;5583;2719;M;4;3;4;A;TRUE
1230;18/8/2018;7506;3048;7031;6864;5385;H;4;1;3;B;FALSE
1231;19/8/2018;3190;3625;3584;4240;8169;M;1;3;3;AB;TRUE
1232;20/8/2018;7045;1275;1317;8715;8386;H;2;1;5;O;FALSE
1233;21/8/2018;1760;2383;2606;2093;2413;M;1;2;4;A;TRUE
1234;22/8/2018;7205;7580;6056;7192;1065;H;3;1;6;B;FALSE
1235;23/8/2018;2923;4223;2682;3335;5273;M;4;1;7;AB;TRUE
1236;24/8/2018;8290;1104;1857;9727;5100;H;4;3;6;O;FALSE
1237;25/8/2018;7106;1303;8503;4602;5366;M;1;2;1;A;TRUE
1238;26/8/2018;6727;5036;6670;3858;3976;H;4;3;4;B;FALSE
1239;27/8/2018;2353;1316;6370;8535;8194;M;3;1;7;AB;TRUE
1240;28/8/2018;7775;7403;9994;9612;5222;H;4;3;5;O;FALSE
1241;29/8/2018;9884;7273;3864;3317;1037;M;2;3;2;A;TRUE
1242;30/8/2018;1717;5378;6652;6546;8058;H;1;3;7;B;FALSE
1243;31/8/2018;2042;1917;1112;2733;7974;M;1;1;5;AB;TRUE
1244;1/9/2018;2456;2725;9379;7339;5365;H;1;1;1;O;FALSE
1245;2/9/2018;6591;5898;9667;3812;8519;M;4;1;1;A;TRUE
1246;3/9/2018;9419;4251;2534;4984;7288;H;1;2;2;B;FALSE
1247;4/9/2018;2827;2054;2394;6528;7872;M;4;1;2;AB;TRUE
1248;5/9/2018;7394;1972;7608;5856;9486;H;1;2;4;O;FALSE
1249;6/9/2018;7724;4945;5679;7200;1382;M;4;2;5;A;TRUE
1250;7/9/2018;7107;6449;6260;5427;9000;H;1;2;1;B;FALSE
1251;8/9/2018;1563;5104;9696;3784;5952;M;3;1;4;AB;TRUE
1252;9/9/2018;5521;7549;9555;6584;4004;H;3;3;2;O;FALSE
1253;10/9/2018;6664;5407;3084;6358;9919;M;4;2;5;A;TRUE
1254;11/9/2018;4648;8380;1192;7197;8069;H;4;2;3;B;FALSE
1255;12/9/2018;8599;8043;8163;9144;9903;M;2;3;4;AB;TRUE
1256;13/9/2018;5650;7861;6663;7471;2033;H;3;1;6;O;FALSE
1257;14/9/2018;1722;9122;6555;2204;3360;M;3;3;3;A;TRUE
1258;15/9/2018;7781;9737;7034;8885;4246;H;3;1;4;B;FALSE
1259;16/9/2018;8717;1622;2823;6202;2847;M;1;3;7;AB;TRUE
1260;17/9/2018;9878;9024;8937;3367;6524;H;3;3;1;O;FALSE
1261;18/9/2018;2823;9697;6020;5788;8120;M;3;1;7;A;TRUE
1262;19/9/2018;6440;6159;7886;2034;7903;H;4;1;3;B;FALSE
1263;20/9/2018;3332;5118;7227;5432;7348;M;2;3;1;AB;TRUE
1264;21/9/2018;3913;5021;4554;1142;5516;H;2;2;7;O;FALSE
1265;22/9/2018;4413;1278;9987;2359;4466;M;2;1;3;A;TRUE
1266;23/9/2018;2913;3555;9652;1850;5764;H;4;2;2;B;FALSE
1267;24/9/2018;8345;5624;5159;2320;2692;M;3;1;4;AB;TRUE
1268;25/9/2018;9258;6035;5203;7575;3097;H;1;3;4;O;FALSE
1269;26/9/2018;5475;5737;7231;5513;7068;M;4;2;4;A;TRUE
1270;27/9/2018;4449;6970;9094;9669;6227;H;4;3;2;B;FALSE
1271;28/9/2018;4298;7513;1156;8256;3349;M;2;3;2;AB;TRUE
1272;29/9/2018;4534;6571;6306;4064;9458;H;3;1;7;O;FALSE
1273;30/9/2018;5953;8784;3671;8424;2461;M;1;2;4;A;TRUE
1274;1/10/2018;3085;5646;4541;8154;4842;H;1;2;6;B;FALSE
1275;2/10/2018;7097;6430;7673;2661;8894;M;4;3;4;AB;TRUE
1276;3/10/2018;6959;8900;8165;2684;3001;H;3;3;2;O;FALSE
1277;4/10/2018;3559;4392;4782;2648;2455;M;2;2;7;A;TRUE
1278;5/10/2018;5423;5783;3455;9158;4783;H;2;2;6;B;FALSE
1279;6/10/2018;1520;1358;1310;7809;3985;M;2;3;6;AB;TRUE
1280;7/10/2018;8746;6028;9214;2615;5523;H;1;3;6;O;FALSE
1281;8/10/2018;9842;2560;9633;9688;3136;M;2;3;3;A;TRUE
1282;9/10/2018;2334;6162;2833;5851;1510;H;4;2;7;B;FALSE
1283;10/10/2018;1112;2076;1884;2529;7977;M;4;1;6;AB;TRUE
1284;11/10/2018;7428;9172;7712;1146;7801;H;3;2;2;O;FALSE
1285;12/10/2018;7818;6486;1135;9913;3423;M;4;3;1;A;TRUE
1286;13/10/2018;2983;3964;1874;5148;1030;H;2;2;5;B;FALSE
1287;14/10/2018;6030;1129;5211;7321;5790;M;1;3;5;AB;TRUE
1288;15/10/2018;6037;3401;8000;7160;6198;H;3;3;5;O;FALSE
1289;16/10/2018;6210;3799;9149;3141;5974;M;4;2;4;A;TRUE
1290;17/10/2018;8643;5406;5977;4299;2789;H;1;1;4;B;FALSE
1291;18/10/2018;6946;3661;9659;8945;7304;M;3;3;1;AB;TRUE
1292;19/10/2018;7857;3782;8677;5724;1565;H;4;1;4;O;FALSE
1293;20/10/2018;1312;9363;4608;3309;9524;M;3;1;4;A;TRUE
1294;21/10/2018;1499;1716;6113;1444;8754;H;3;1;3;B;FALSE
1295;22/10/2018;8786;3871;5709;2189;1569;M;4;3;5;AB;TRUE
1296;23/10/2018;5023;3514;7138;2708;7700;H;1;1;5;O;FALSE
1297;24/10/2018;1469;7962;5360;5877;4139;M;3;1;4;A;TRUE
1298;25/10/2018;3576;6007;8866;6643;8209;H;1;2;4;B;FALSE
1299;26/10/2018;8139;5666;4305;7654;6987;M;3;3;6;AB;TRUE
1300;27/10/2018;7641;8505;4240;3030;8954;H;1;3;2;O;FALSE
1301;28/10/2018;9313;5860;3443;1614;2571;M;1;3;5;A;TRUE
1302;29/10/2018;8754;8189;6991;6364;3388;H;2;2;5;B;FALSE
1303;30/10/2018;8474;9543;1577;5390;1055;M;1;2;5;AB;TRUE
1304;31/10/2018;4284;2609;8683;1891;2582;H;1;1;1;O;FALSE
1305;1/11/2018;1421;2830;6401;2573;6547;M;3;3;1;A;TRUE
1306;2/11/2018;8535;7350;5968;1954;1047;H;2;1;3;B;FALSE
1307;3/11/2018;2322;3302;7459;2189;4849;M;4;3;2;AB;TRUE
1308;4/11/2018;8017;6598;8113;7184;7700;H;4;3;4;O;FALSE
1309;5/11/2018;4214;6260;6447;9800;4210;M;2;3;6;A;TRUE
1310;6/11/2018;3745;7913;8676;2875;7331;H;3;1;4;B;FALSE
1311;7/11/2018;8899;2885;8381;9939;5112;M;4;2;2;AB;TRUE
1312;8/11/2018;9794;1721;3468;1142;3632;H;2;3;4;O;FALSE
1313;9/11/2018;4213;6876;5128;4467;7697;M;2;2;4;A;TRUE
1314;10/11/2018;1536;3464;3923;2510;5996;H;2;1;3;B;FALSE
1315;11/11/2018;5569;6856;9364;4300;3683;M;3;1;1;AB;TRUE
1316;12/11/2018;6655;7693;2195;6282;7047;H;3;2;5;O;FALSE
1317;13/11/2018;3638;5092;8079;9252;7563;M;1;1;2;A;TRUE
1318;14/11/2018;2950;6903;4237;7020;9632;H;2;3;4;B;FALSE
1319;15/11/2018;6154;6554;5639;9863;9285;M;1;2;2;AB;TRUE
1320;16/11/2018;8724;1269;9125;7715;7954;H;4;2;4;O;FALSE
1321;17/11/2018;5401;6349;1061;1636;8383;M;3;2;5;A;TRUE
1322;18/11/2018;4831;9391;6832;9236;9791;H;1;2;1;B;FALSE
1323;19/11/2018;3313;2299;4715;7781;3333;M;3;2;2;AB;TRUE
1324;20/11/2018;6701;1686;9535;9086;8335;H;1;3;5;O;FALSE
1325;21/11/2018;1267;6355;7538;6971;7035;M;2;3;6;A;TRUE
1326;22/11/2018;8696;8395;4643;8967;5780;H;2;1;2;B;FALSE
1327;23/11/2018;8630;7744;6947;6164;3184;M;4;3;6;AB;TRUE
1328;24/11/2018;2207;5377;4725;7200;7721;H;2;3;6;O;FALSE
1329;25/11/2018;7830;6295;8705;8744;2312;M;4;1;6;A;TRUE
1330;26/11/2018;5832;9193;9453;8246;4580;H;3;1;6;B;FALSE
1331;27/11/2018;3006;3061;7919;8485;1288;M;1;1;4;AB;TRUE
1332;28/11/2018;5418;4372;3660;2513;2054;H;1;2;3;O;FALSE
1333;29/11/2018;6810;4042;2737;3444;7836;M;4;1;7;A;TRUE
1334;30/11/2018;2932;5716;9052;7553;2556;H;3;1;6;B;FALSE
1335;1/12/2018;7275;6767;6171;4154;6769;M;2;2;7;AB;TRUE
1336;2/12/2018;6296;4509;9824;6395;9308;H;1;3;5;O;FALSE
1337;3/12/2018;6548;3305;6187;2831;8650;M;2;3;6;A;TRUE
1338;4/12/2018;3464;8963;7379;7736;9195;H;4;1;4;B;FALSE
1339;5/12/2018;8575;8595;8098;8220;4421;M;1;3;6;AB;TRUE
1340;6/12/2018;7078;8139;6456;2145;1923;H;1;1;2;O;FALSE
1341;7/12/2018;1943;1734;1189;1858;5369;M;2;2;4;A;TRUE
1342;8/12/2018;7693;2820;8321;6552;1291;H;4;2;1;B;FALSE
1343;9/12/2018;2310;6359;4152;6159;9100;M;2;1;4;AB;TRUE
1344;10/12/2018;8617;7805;6797;8839;3971;H;4;1;1;O;FALSE
1345;11/12/2018;2045;7399;4114;7763;3836;M;4;2;6;A;TRUE
1346;12/12/2018;7143;2903;1532;3967;3775;H;3;2;4;B;FALSE
1347;13/12/2018;9824;2098;7991;8379;1611;M;3;3;2;AB;TRUE
1348;14/12/2018;8721;4088;7107;3003;2031;H;4;1;2;O;FALSE
1349;15/12/2018;7427;4228;4508;6320;6675;M;1;1;3;A;TRUE
1350;16/12/2018;9348;1302;9456;1810;4518;H;1;1;7;B;FALSE
1351;17/12/2018;8518;8882;4743;3195;8707;M;1;1;4;AB;TRUE
1352;18/12/2018;4604;8079;8311;9348;5796;H;2;3;7;O;FALSE
1353;19/12/2018;2595;7285;4046;7710;3938;M;2;2;3;A;TRUE
1354;20/12/2018;8238;7191;8117;1565;3263;H;2;1;4;B;FALSE
1355;21/12/2018;7824;1168;3976;5532;4450;M;2;3;6;AB;TRUE
1356;22/12/2018;1986;7342;4087;4211;9758;H;3;3;6;O;FALSE
1357;23/12/2018;1542;8524;7761;3730;2621;M;4;1;7;A;TRUE
1358;24/12/2018;3897;7612;3962;5418;1905;H;3;1;1;B;FALSE
1359;25/12/2018;5889;4506;5946;9732;4118;M;1;3;4;AB;TRUE
1360;26/12/2018;8039;9688;7357;5935;7734;H;4;2;3;O;FALSE
1361;27/12/2018;5282;3268;2259;6649;7432;M;4;3;7;A;TRUE
1362;28/12/2018;1245;6983;5875;6043;8592;H;2;2;4;B;FALSE
1363;29/12/2018;6137;3742;3615;4315;7525;M;3;3;1;AB;TRUE
1364;30/12/2018;7382;8825;7639;8942;4228;H;1;2;7;O;FALSE
1365;31/12/2018;5399;8570;1731;3538;3713;M;2;1;3;A;TRUE
1366;1/1/2019;9017;1029;7832;7197;6928;H;2;1;2;B;FALSE
1367;2/1/2019;6613;4891;6800;4460;8798;M;1;3;6;AB;TRUE
1368;3/1/2019;8719;3892;1767;6499;4057;H;2;3;3;O;FALSE
1369;4/1/2019;5987;1222;5513;1712;8996;M;1;3;7;A;TRUE
1370;5/1/2019;6432;4081;1094;6440;1837;H;4;1;1;B;FALSE
1371;6/1/2019;7051;4672;4431;7730;8555;M;4;1;6;AB;TRUE
1372;7/1/2019;4400;4008;3016;8818;3115;H;4;3;5;O;FALSE
1373;8/1/2019;1045;9464;1950;5246;4303;M;4;3;4;A;TRUE
1374;9/1/2019;4197;6336;6542;6414;6334;H;2;1;3;B;FALSE
1375;10/1/2019;8948;2416;5868;6193;3625;M;4;2;6;AB;TRUE
1376;11/1/2019;9011;8937;1216;9410;8978;H;2;1;5;O;FALSE
1377;12/1/2019;3467;8180;7593;4180;6223;M;3;3;4;A;TRUE
1378;13/1/2019;9157;4498;4322;6354;6206;H;1;2;2;B;FALSE
1379;14/1/2019;4029;5930;1719;3313;5588;M;1;2;7;AB;TRUE
1380;15/1/2019;2588;3627;5372;5084;7416;H;4;1;7;O;FALSE
1381;16/1/2019;5817;4122;3169;9710;7632;M;2;2;1;A;TRUE
1382;17/1/2019;3944;4661;4033;2354;5639;H;1;2;3;B;FALSE
1383;18/1/2019;5488;1652;6418;7330;3612;M;2;3;2;AB;TRUE
1384;19/1/2019;5992;7895;5929;6744;3840;H;4;1;3;O;FALSE
1385;20/1/2019;6594;2804;8792;2454;6197;M;1;2;3;A;TRUE
1386;21/1/2019;4680;2664;6838;7463;1115;H;4;1;2;B;FALSE
1387;22/1/2019;7654;7630;4145;3541;9357;M;2;2;1;AB;TRUE
1388;23/1/2019;5258;5713;4493;2383;8163;H;4;3;2;O;FALSE
1389;24/1/2019;9285;4782;3258;7022;2545;M;3;2;5;A;TRUE
1390;25/1/2019;1910;6955;9707;1339;3287;H;1;3;1;B;FALSE
1391;26/1/2019;6520;8977;2652;3955;2816;M;4;2;5;AB;TRUE
1392;27/1/2019;2237;2419;6514;7782;9361;H;3;2;2;O;FALSE
1393;28/1/2019;2254;6252;3855;8261;6535;M;3;1;2;A;TRUE
1394;29/1/2019;2169;5574;5259;7817;1681;H;3;1;3;B;FALSE
1395;30/1/2019;8911;4195;2007;8143;5019;M;1;3;6;AB;TRUE
1396;31/1/2019;9001;1927;5334;4071;8099;H;4;1;2;O;FALSE
1397;1/2/2019;1862;3168;6495;4370;5070;M;2;2;7;A;TRUE
1398;2/2/2019;2821;1881;4899;6624;2863;H;3;2;2;B;FALSE
1399;3/2/2019;9378;9695;4322;4996;2805;M;2;3;6;AB;TRUE
1400;4/2/2019;5144;8077;7277;2645;8151;H;1;1;2;O;FALSE
1401;5/2/2019;4652;5210;8114;1300;6949;M;1;3;4;A;TRUE
1402;6/2/2019;3928;1262;5340;4172;2404;H;1;3;2;B;FALSE
1403;7/2/2019;3774;2136;2524;1075;7850;M;2;3;2;AB;TRUE
1404;8/2/2019;2846;8620;8312;2337;2600;H;4;1;5;O;FALSE
1405;9/2/2019;1640;9038;5035;4689;4069;M;4;1;4;A;TRUE
1406;10/2/2019;9435;9529;4125;5316;7389;H;1;3;6;B;FALSE
1407;11/2/2019;8926;4010;2323;8124;4318;M;4;2;5;AB;TRUE
1408;12/2/2019;1657;4784;3030;7896;5370;H;2;3;2;O;FALSE
1409;13/2/2019;3522;4817;4045;7232;9250;M;4;1;1;A;TRUE
1410;14/2/2019;3544;4180;5242;8536;2772;H;2;3;5;B;FALSE
1411;15/2/2019;9902;6363;3463;4485;8128;M;3;1;2;AB;TRUE
1412;16/2/2019;8317;5534;1958;1894;4536;H;4;1;4;O;FALSE
1413;17/2/2019;2741;1730;5033;1317;5987;M;1;3;4;A;TRUE
1414;18/2/2019;2931;9933;6631;2376;4023;H;1;1;5;B;FALSE
1415;19/2/2019;4778;2220;8913;7610;6554;M;3;3;6;AB;TRUE
1416;20/2/2019;2898;2910;3754;8551;8498;H;1;2;1;O;FALSE
1417;21/2/2019;8692;1825;4066;3356;5450;M;2;2;1;A;TRUE
1418;22/2/2019;2751;7651;2208;1231;4055;H;4;3;2;B;FALSE
1419;23/2/2019;5891;8861;4123;7470;1217;M;4;1;7;AB;TRUE
1420;24/2/2019;8710;9809;3539;8589;9451;H;4;2;5;O;FALSE
1421;25/2/2019;3032;4219;2036;8949;5970;M;1;3;6;A;TRUE
1422;26/2/2019;5525;9605;1489;7419;5745;H;3;1;4;B;FALSE
1423;27/2/2019;8709;6222;1356;7678;2382;M;2;2;5;AB;TRUE
1424;28/2/2019;8483;7933;4986;8712;8874;H;4;3;1;O;FALSE
1425;1/3/2019;3349;4491;5358;3066;5419;M;1;3;4;A;TRUE
1426;2/3/2019;6860;5769;4759;1496;8084;H;4;3;3;B;FALSE
1427;3/3/2019;3648;8844;9576;1001;8990;M;2;2;1;AB;TRUE
1428;4/3/2019;4099;4729;7684;1441;8443;H;2;2;2;O;FALSE
1429;5/3/2019;8455;4332;7440;5057;3975;M;1;3;1;A;TRUE
1430;6/3/2019;6923;6097;8086;1096;5848;H;1;3;4;B;FALSE
1431;7/3/2019;9017;2641;7121;6215;3256;M;4;3;2;AB;TRUE
1432;8/3/2019;3190;1224;6964;2193;3324;H;1;3;3;O;FALSE
1433;9/3/2019;9584;3244;3691;7683;3602;M;1;2;2;A;TRUE
1434;10/3/2019;1387;5329;7043;8074;9003;H;1;1;4;B;FALSE
1435;11/3/2019;6535;9386;4835;8827;6956;M;4;3;1;AB;TRUE
1436;12/3/2019;2443;5139;2316;6404;2625;H;3;2;1;O;FALSE
1437;13/3/2019;7046;7279;6257;2399;5311;M;1;1;3;A;TRUE
1438;14/3/2019;2382;5129;3720;3653;1387;H;4;3;2;B;FALSE
1439;15/3/2019;5042;3217;3170;1463;7750;M;1;3;3;AB;TRUE
1440;16/3/2019;6272;5417;1917;8215;7058;H;3;2;6;O;FALSE
1441;17/3/2019;6370;9573;4833;2763;4949;M;1;1;4;A;TRUE
1442;18/3/2019;3656;6085;4826;6637;6539;H;4;1;5;B;FALSE
1443;19/3/2019;5053;2988;4910;1717;5430;M;2;2;4;AB;TRUE
1444;20/3/2019;4731;4370;3082;2262;7857;H;2;1;5;O;FALSE
1445;21/3/2019;5065;1629;7093;4983;5691;M;1;2;7;A;TRUE
1446;22/3/2019;3012;3361;2840;6396;1225;H;2;3;7;B;FALSE
1447;23/3/2019;7288;4540;8133;7608;3641;M;4;2;2;AB;TRUE
1448;24/3/2019;2367;5211;4577;5872;2761;H;3;2;4;O;FALSE
1449;25/3/2019;9821;8827;3952;7544;6845;M;3;3;7;A;TRUE
1450;26/3/2019;5935;8055;5387;1639;8467;H;1;2;5;B;FALSE
1451;27/3/2019;1408;9282;8655;6913;9271;M;3;3;7;AB;TRUE
1452;28/3/2019;8142;8259;5337;8619;3109;H;1;2;5;O;FALSE
1453;29/3/2019;4724;2935;3271;9098;9317;M;1;3;6;A;TRUE
1454;30/3/2019;7973;9883;8284;8814;8655;H;3;2;6;B;FALSE
1455;31/3/2019;3404;1124;9310;8992;8789;M;3;2;7;AB;TRUE
1456;1/4/2019;6117;2012;9180;2204;1787;H;4;2;6;O;FALSE
1457;2/4/2019;7074;4130;9013;6969;1880;M;4;3;1;A;TRUE
1458;3/4/2019;3905;7142;7137;7917;7664;H;2;1;4;B;FALSE
1459;4/4/2019;6354;9372;2656;9167;6107;M;3;2;7;AB;TRUE
1460;5/4/2019;6876;6295;2343;8672;3087;H;4;2;7;O;FALSE
1461;6/4/2019;2689;1791;3551;2605;6475;M;2;1;3;A;TRUE
1462;7/4/2019;1754;9637;2381;4953;3919;H;2;2;5;B;FALSE
1463;8/4/2019;7850;2643;1154;3550;8501;M;3;1;2;AB;TRUE
1464;9/4/2019;3788;7864;8095;2842;9881;H;4;3;4;O;FALSE
1465;10/4/2019;9994;7940;1214;5706;4191;M;2;1;2;A;TRUE
1466;11/4/2019;2208;1946;5965;4442;7370;H;3;1;5;B;FALSE
1467;12/4/2019;6906;4444;6544;8122;7486;M;3;2;1;AB;TRUE
1468;13/4/2019;7154;2824;1306;1255;3666;H;3;3;5;O;FALSE
1469;14/4/2019;3178;5401;5582;7942;2555;M;3;1;2;A;TRUE
1470;15/4/2019;6848;4706;3238;2090;7405;H;3;2;6;B;FALSE
1471;16/4/2019;7171;8258;4498;1252;9178;M;1;3;6;AB;TRUE
1472;17/4/2019;3239;7419;6805;5451;4973;H;4;3;1;O;FALSE
1473;18/4/2019;5733;2415;1592;4664;4940;M;4;3;6;A;TRUE
1474;19/4/2019;5409;7468;9995;7601;3465;H;4;3;6;B;FALSE
1475;20/4/2019;9624;3624;5342;3897;1544;M;4;2;4;AB;TRUE
1476;21/4/2019;8225;2836;4249;2624;6957;H;3;1;2;O;FALSE
1477;22/4/2019;9676;7150;5456;5594;5715;M;3;1;3;A;TRUE
1478;23/4/2019;6275;7717;9334;6872;2968;H;2;3;6;B;FALSE
1479;24/4/2019;4771;7289;8353;9414;7118;M;1;2;7;AB;TRUE
1480;25/4/2019;2079;1579;8715;9046;3691;H;3;2;2;O;FALSE
1481;26/4/2019;1904;9844;4745;7538;8557;M;1;2;7;A;TRUE
1482;27/4/2019;1064;2123;3949;1772;5713;H;2;2;7;B;FALSE
1483;28/4/2019;2421;6476;1978;5978;1429;M;4;3;1;AB;TRUE
1484;29/4/2019;9073;4907;3489;7587;6492;H;4;2;3;O;FALSE
1485;30/4/2019;1911;4045;6406;3400;9475;M;3;1;1;A;TRUE
1486;1/5/2019;8882;1774;5247;6584;7252;H;4;3;4;B;FALSE
1487;2/5/2019;4111;9951;8954;7602;1735;M;4;2;7;AB;TRUE
1488;3/5/2019;7734;9925;9477;4125;9825;H;3;3;4;O;FALSE
1489;4/5/2019;8626;1642;8077;5741;4046;M;3;3;4;A;TRUE
1490;5/5/2019;7180;3901;9944;8904;1132;H;4;1;5;B;FALSE
1491;6/5/2019;9559;3440;8779;1095;1812;M;3;2;3;AB;TRUE
1492;7/5/2019;3713;6274;6174;9346;8593;H;2;3;3;O;FALSE
1493;8/5/2019;7199;9241;6375;1486;7897;M;2;3;4;A;TRUE
1494;9/5/2019;8681;1923;6594;1730;7258;H;2;1;4;B;FALSE
1495;10/5/2019;8282;7835;8431;1013;3780;M;2;1;5;AB;TRUE
1496;11/5/2019;9773;5132;8424;5895;3535;H;4;3;1;O;FALSE
1497;12/5/2019;1425;2611;9546;3304;2369;M;3;2;7;A;TRUE
1498;13/5/2019;2058;8689;6268;5327;8058;H;2;3;1;B;FALSE
1499;14/5/2019;5426;9449;4397;1732;2864;M;4;1;7;AB;TRUE
1500;15/5/2019;4902;9172;4712;5334;5425;H;3;3;4;O;FALSE
1501;16/5/2019;5467;3692;3146;9526;3549;M;3;3;1;A;TRUE
1502;17/5/2019;4788;8660;2558;2730;5450;H;3;1;2;B;FALSE
1503;18/5/2019;9988;3578;5497;2487;5458;M;4;1;7;AB;TRUE
1504;19/5/2019;1569;7998;3126;1044;4957;H;3;1;4;O;FALSE
1505;20/5/2019;3149;8046;9955;3166;9758;M;4;1;6;A;TRUE
1506;21/5/2019;5004;6443;5758;4480;7378;H;1;2;3;B;FALSE
1507;22/5/2019;4792;9593;1664;4104;8821;M;3;3;2;AB;TRUE
1508;23/5/2019;9173;9431;2255;9110;7060;H;1;1;4;O;FALSE
1509;24/5/2019;6304;5002;4274;2628;6362;M;3;1;2;A;TRUE
1510;25/5/2019;3138;1706;6595;3373;7687;H;2;1;7;B;FALSE
1511;26/5/2019;6849;4455;1110;6069;8384;M;3;3;1;AB;TRUE
1512;27/5/2019;8621;8176;7321;5305;8030;H;1;3;7;O;FALSE
1513;28/5/2019;3480;7177;6134;3939;2716;M;1;2;5;A;TRUE
1514;29/5/2019;2614;8426;7698;9468;2825;H;2;2;7;B;FALSE
1515;30/5/2019;6440;5818;9317;1797;5003;M;1;3;5;AB;TRUE
1516;31/5/2019;5964;3972;7407;2875;6852;H;1;2;6;O;FALSE
1517;1/6/2019;1581;5645;5023;4129;8770;M;4;3;7;A;TRUE
1518;2/6/2019;1571;8347;3899;2795;3422;H;4;1;2;B;FALSE
1519;3/6/2019;6706;4568;2495;8141;8502;M;1;3;2;AB;TRUE
1520;4/6/2019;1903;8559;1262;9435;4828;H;4;3;5;O;FALSE
1521;5/6/2019;4409;8400;8985;8373;2932;M;1;1;1;A;TRUE
1522;6/6/2019;4247;2545;9961;3613;5839;H;4;1;1;B;FALSE
1523;7/6/2019;8483;8122;8087;2922;4113;M;4;3;7;AB;TRUE
1524;8/6/2019;6102;7698;9362;9993;4698;H;2;3;5;O;FALSE
1525;9/6/2019;7290;4065;1697;1562;1991;M;2;2;5;A;TRUE
1526;10/6/2019;1422;7815;4433;6104;4148;H;1;2;5;B;FALSE
1527;11/6/2019;7002;9140;4487;5561;6795;M;4;2;2;AB;TRUE
1528;12/6/2019;3299;7374;2585;6700;3378;H;4;2;7;O;FALSE
1529;13/6/2019;2023;2539;1231;2500;4284;M;2;3;4;A;TRUE
1530;14/6/2019;3273;7434;3937;3289;3159;H;3;2;7;B;FALSE
1531;15/6/2019;9198;8083;1828;6227;2347;M;4;2;6;AB;TRUE
1532;16/6/2019;1604;5784;7959;9161;7857;H;4;3;7;O;FALSE
1533;17/6/2019;1267;2776;1918;7290;2690;M;2;2;7;A;TRUE
1534;18/6/2019;8825;2389;1758;1701;1874;H;1;1;7;B;FALSE
1535;19/6/2019;6112;7635;2277;7114;2012;M;4;3;2;AB;TRUE
1536;20/6/2019;7406;9442;4612;8358;3925;H;3;1;5;O;FALSE
1537;21/6/2019;7991;8774;4756;5754;5737;M;1;2;1;A;TRUE
1538;22/6/2019;1683;4474;4378;8536;2761;H;2;3;4;B;FALSE
1539;23/6/2019;7850;2660;1152;2500;8827;M;3;1;2;AB;TRUE
1540;24/6/2019;4962;6447;9967;1079;4151;H;2;2;5;O;FALSE
1541;25/6/2019;6275;4350;6935;5469;8409;M;2;2;7;A;TRUE
1542;26/6/2019;6819;8400;7143;6548;9297;H;3;3;3;B;FALSE
1543;27/6/2019;9855;6826;2099;5700;8894;M;3;2;6;AB;TRUE
1544;28/6/2019;2682;1114;1276;1719;3517;H;1;1;4;O;FALSE
1545;29/6/2019;3006;5804;1868;7116;5709;M;2;3;1;A;TRUE
1546;30/6/2019;1358;5677;1560;5688;1967;H;4;2;4;B;FALSE
1547;1/7/2019;3173;7724;1101;3915;6464;M;2;1;2;AB;TRUE
1548;2/7/2019;8988;9109;8805;4892;5113;H;1;2;2;O;FALSE
1549;3/7/2019;7031;6008;6005;3352;6134;M;3;2;5;A;TRUE
1550;4/7/2019;1335;3408;6825;2115;1149;H;3;1;7;B;FALSE
1551;5/7/2019;6931;6012;6550;1430;9733;M;2;3;4;AB;TRUE
1552;6/7/2019;1344;9988;9879;6831;9990;H;1;2;4;O;FALSE
1553;7/7/2019;8326;2862;5407;7944;5263;M;3;1;4;A;TRUE
1554;8/7/2019;6455;8016;2400;2987;2670;H;1;3;7;B;FALSE
1555;9/7/2019;7438;2393;3366;6111;9029;M;4;2;7;AB;TRUE
1556;10/7/2019;2104;8143;2100;5134;6726;H;4;1;1;O;FALSE
1557;11/7/2019;4660;8912;8409;2968;2649;M;1;3;4;A;TRUE
1558;12/7/2019;1970;4244;7282;3218;5340;H;2;2;5;B;FALSE
1559;13/7/2019;2801;6775;5377;3445;4700;M;1;3;6;AB;TRUE
1560;14/7/2019;2723;9323;3648;6684;2014;H;4;2;2;O;FALSE
1561;15/7/2019;1020;7460;9141;4263;5352;M;2;3;6;A;TRUE
1562;16/7/2019;2119;7517;9001;9423;6284;H;3;3;7;B;FALSE
1563;17/7/2019;7190;3012;6394;8905;3553;M;3;1;7;AB;TRUE
1564;18/7/2019;7252;4542;8120;9525;1000;H;3;1;4;O;FALSE
1565;19/7/2019;5625;2585;8323;2852;3438;M;3;3;1;A;TRUE
1566;20/7/2019;2033;3974;9414;2058;8947;H;2;3;6;B;FALSE
1567;21/7/2019;2047;7214;7677;8759;6066;M;2;2;3;AB;TRUE
1568;22/7/2019;8998;9063;1017;2495;3155;H;2;3;5;O;FALSE
1569;23/7/2019;4698;1532;6461;6628;1902;M;2;2;6;A;TRUE
1570;24/7/2019;8130;9465;3793;4005;1994;H;3;1;1;B;FALSE
1571;25/7/2019;3175;5194;8788;6746;1359;M;1;2;5;AB;TRUE
1572;26/7/2019;7390;2312;7876;4435;7364;H;2;3;6;O;FALSE
1573;27/7/2019;1767;4817;7773;1162;3411;M;4;1;4;A;TRUE
1574;28/7/2019;6664;1073;2858;3131;7908;H;3;1;7;B;FALSE
1575;29/7/2019;5500;5891;7914;2373;9522;M;4;1;1;AB;TRUE
1576;30/7/2019;6890;8005;3741;9378;4339;H;2;3;4;O;FALSE
1577;31/7/2019;6069;8800;9671;1037;7740;M;4;2;6;A;TRUE
1578;1/8/2019;8531;8990;8390;4182;1726;H;2;1;1;B;FALSE
1579;2/8/2019;7149;1971;7477;3833;6837;M;1;1;1;AB;TRUE
1580;3/8/2019;4212;6965;5758;2667;4462;H;1;2;2;O;FALSE
1581;4/8/2019;2413;6971;7802;5887;9718;M;2;1;7;A;TRUE
1582;5/8/2019;8769;2341;4489;9422;8121;H;4;3;4;B;FALSE
1583;6/8/2019;1317;2939;8658;7673;8818;M;4;2;1;AB;TRUE
1584;7/8/2019;3232;9938;4115;2690;6426;H;4;2;5;O;FALSE
1585;8/8/2019;1868;1613;1530;3676;7050;M;3;2;7;A;TRUE
1586;9/8/2019;5158;8027;3442;1823;9944;H;3;2;6;B;FALSE
1587;10/8/2019;7218;2938;1985;9194;7228;M;2;2;6;AB;TRUE
1588;11/8/2019;2815;8216;9781;6199;9928;H;3;3;6;O;FALSE
1589;12/8/2019;1379;2688;2081;4750;9016;M;4;1;4;A;TRUE
1590;13/8/2019;1904;3553;6949;5963;1513;H;3;2;2;B;FALSE
1591;14/8/2019;8772;5723;2151;4435;1533;M;2;3;5;AB;TRUE
1592;15/8/2019;8629;8700;6263;4745;9532;H;3;2;1;O;FALSE
1593;16/8/2019;4692;8879;1127;7730;4174;M;4;3;6;A;TRUE
1594;17/8/2019;2352;9691;2222;5107;5701;H;3;2;3;B;FALSE
1595;18/8/2019;9985;9708;2265;8925;7535;M;4;1;3;AB;TRUE
1596;19/8/2019;8112;7904;6370;1549;6737;H;3;2;5;O;FALSE
1597;20/8/2019;7535;3026;4507;5665;4413;M;1;1;7;A;TRUE
1598;21/8/2019;3167;8574;6986;9638;7613;H;2;3;4;B;FALSE
1599;22/8/2019;4302;5549;9098;7471;6633;M;3;2;4;AB;TRUE
1600;23/8/2019;1864;1864;4432;7807;1686;H;2;2;2;O;FALSE
1601;24/8/2019;8172;8064;1137;7314;2013;M;1;1;1;A;TRUE
1602;25/8/2019;9840;3667;7197;9655;4752;H;2;2;7;B;FALSE
1603;26/8/2019;1160;7538;6245;4876;1695;M;1;1;1;AB;TRUE
1604;27/8/2019;4446;9860;9164;9506;5618;H;4;1;4;O;FALSE
1605;28/8/2019;5344;7782;9230;2079;2357;M;4;2;5;A;TRUE
1606;29/8/2019;6688;1013;4380;7641;3389;H;2;2;6;B;FALSE
1607;30/8/2019;8646;3547;2851;3384;4855;M;1;3;3;AB;TRUE
1608;31/8/2019;8340;9275;5966;1316;2550;H;4;3;2;O;FALSE
1609;1/9/2019;4352;9833;4433;6478;4261;M;4;3;3;A;TRUE
1610;2/9/2019;3670;4440;4794;1064;7656;H;4;3;6;B;FALSE
1611;3/9/2019;8049;3332;6226;9382;7373;M;1;1;2;AB;TRUE
1612;4/9/2019;1341;6650;8686;7714;8397;H;1;1;2;O;FALSE
1613;5/9/2019;6386;5569;8291;2828;6978;M;3;1;7;A;TRUE
1614;6/9/2019;2784;7387;4733;1664;2236;H;1;3;1;B;FALSE
1615;7/9/2019;3243;3497;6925;8081;1456;M;3;2;2;AB;TRUE
1616;8/9/2019;8812;9403;2540;8672;2199;H;1;2;4;O;FALSE
1617;9/9/2019;8852;8086;5886;7822;4008;M;3;1;3;A;TRUE
1618;10/9/2019;9522;4059;1946;7807;6923;H;3;1;2;B;FALSE
1619;11/9/2019;4576;6107;5111;3597;4300;M;3;3;6;AB;TRUE
1620;12/9/2019;6508;3203;3767;1812;1415;H;3;3;4;O;FALSE
1621;13/9/2019;4907;3096;5958;3414;2477;M;4;1;4;A;TRUE
1622;14/9/2019;7885;9183;1732;9717;3913;H;2;3;7;B;FALSE
1623;15/9/2019;9313;1193;1825;7270;3438;M;4;2;5;AB;TRUE
1624;16/9/2019;3598;1849;1017;7199;5955;H;1;2;3;O;FALSE
1625;17/9/2019;2453;7985;4927;8167;3962;M;3;3;1;A;TRUE
1626;18/9/2019;5528;5590;3720;9693;5829;H;2;3;6;B;FALSE
1627;19/9/2019;2671;4237;8203;7932;8491;M;4;1;7;AB;TRUE
1628;20/9/2019;4714;7932;2346;8615;6267;H;4;1;7;O;FALSE
1629;21/9/2019;5077;1481;1191;4242;1785;M;3;2;1;A;TRUE
1630;22/9/2019;8851;7145;5918;6206;1246;H;4;3;7;B;FALSE
1631;23/9/2019;5190;7756;9917;7930;7369;M;4;3;7;AB;TRUE
1632;24/9/2019;8591;4278;6573;9293;8305;H;1;2;2;O;FALSE
1633;25/9/2019;7352;9266;7020;2059;1465;M;3;2;1;A;TRUE
1634;26/9/2019;5242;9907;9365;3148;2542;H;1;1;5;B;FALSE
1635;27/9/2019;5330;2287;9986;7135;8148;M;2;2;2;AB;TRUE
1636;28/9/2019;5359;3576;3619;3769;7516;H;1;1;6;O;FALSE
1637;29/9/2019;5451;7499;1913;8137;2088;M;2;2;3;A;TRUE
1638;30/9/2019;4198;5649;6990;4940;8479;H;2;2;4;B;FALSE
1639;1/10/2019;5370;8311;9699;2929;5581;M;2;3;4;AB;TRUE
1640;2/10/2019;5070;5421;8344;3938;7673;H;3;1;4;O;FALSE
1641;3/10/2019;6823;5547;2513;4462;8353;M;4;3;2;A;TRUE
1642;4/10/2019;8407;7227;6277;4425;4804;H;3;1;1;B;FALSE
1643;5/10/2019;8110;7200;4489;8754;5736;M;2;1;7;AB;TRUE
1644;6/10/2019;9830;8165;2014;4616;5572;H;4;1;3;O;FALSE
1645;7/10/2019;8221;7750;3703;6680;6523;M;3;3;3;A;TRUE
1646;8/10/2019;5116;7562;4841;8934;4030;H;4;2;5;B;FALSE
1647;9/10/2019;7835;9166;7726;9587;3535;M;3;1;1;AB;TRUE
1648;10/10/2019;1396;2675;6137;8121;9635;H;3;3;3;O;FALSE
1649;11/10/2019;4094;6969;3508;4339;7962;M;2;2;3;A;TRUE
1650;12/10/2019;1172;3461;8621;7935;2597;H;4;3;5;B;FALSE
1651;13/10/2019;1877;5456;9663;4409;1806;M;1;1;2;AB;TRUE
1652;14/10/2019;9440;1402;6609;8304;9295;H;4;1;5;O;FALSE
1653;15/10/2019;8881;8061;9007;7357;2540;M;4;2;2;A;TRUE
1654;16/10/2019;8967;3927;5880;4071;5944;H;4;2;3;B;FALSE
1655;17/10/2019;1469;3269;2848;8808;4896;M;2;2;6;AB;TRUE
1656;18/10/2019;2574;4307;3183;7739;8925;H;4;3;5;O;FALSE
1657;19/10/2019;5064;4682;3570;3520;5650;M;4;1;6;A;TRUE
1658;20/10/2019;4596;8130;6530;6101;3282;H;4;3;5;B;FALSE
1659;21/10/2019;9351;1561;7400;8334;1180;M;1;3;5;AB;TRUE
1660;22/10/2019;7838;6371;9518;4442;8403;H;3;2;4;O;FALSE
1661;23/10/2019;3483;2146;3916;2210;7682;M;4;3;5;A;TRUE
1662;24/10/2019;3482;9114;3626;9570;1189;H;1;2;4;B;FALSE
1663;25/10/2019;5754;5577;1013;3228;8157;M;2;1;1;AB;TRUE
1664;26/10/2019;1721;8756;9329;2980;2518;H;4;1;7;O;FALSE
1665;27/10/2019;9356;4228;6577;3155;3510;M;4;2;2;A;TRUE
1666;28/10/2019;7025;1865;1841;9753;6109;H;3;3;3;B;FALSE
1667;29/10/2019;1933;1106;4528;1028;3503;M;4;1;7;AB;TRUE
1668;30/10/2019;3605;4763;5184;3441;6983;H;1;2;7;O;FALSE
1669;31/10/2019;9771;3660;2991;6418;1234;M;1;2;3;A;TRUE
1670;1/11/2019;1276;8214;1849;6057;3706;H;3;1;3;B;FALSE
1671;2/11/2019;4821;6952;9122;5176;4239;M;2;2;1;AB;TRUE
1672;3/11/2019;4941;5715;1330;4976;2079;H;1;1;5;O;FALSE
1673;4/11/2019;7339;2108;5092;4554;5449;M;2;3;1;A;TRUE
1674;5/11/2019;6948;9268;9561;2093;4720;H;2;1;1;B;FALSE
1675;6/11/2019;3571;5249;7539;4882;7488;M;2;2;3;AB;TRUE
1676;7/11/2019;2217;4203;6423;3100;9488;H;1;2;5;O;FALSE
1677;8/11/2019;3066;2284;5824;6610;9664;M;3;3;7;A;TRUE
1678;9/11/2019;7482;9495;9136;9758;6112;H;3;1;3;B;FALSE
1679;10/11/2019;2369;6722;9230;7395;4792;M;4;3;3;AB;TRUE
1680;11/11/2019;8177;1709;2058;5765;2615;H;3;2;7;O;FALSE
1681;12/11/2019;1039;8030;6506;2490;2085;M;2;2;6;A;TRUE
1682;13/11/2019;6224;8745;8867;2721;9889;H;4;1;3;B;FALSE
1683;14/11/2019;4593;5890;1803;7655;6956;M;4;1;1;AB;TRUE
1684;15/11/2019;6166;1288;7788;7285;3305;H;1;3;6;O;FALSE
1685;16/11/2019;3275;4552;6068;5547;6404;M;1;3;6;A;TRUE
1686;17/11/2019;9955;2289;5421;9533;9539;H;1;2;7;B;FALSE
1687;18/11/2019;5995;4039;3353;4441;2076;M;3;2;7;AB;TRUE
1688;19/11/2019;8430;1733;5285;7089;9968;H;4;1;7;O;FALSE
1689;20/11/2019;2879;4944;4419;4972;4969;M;4;1;1;A;TRUE
1690;21/11/2019;4102;1426;1500;8215;4660;H;1;3;5;B;FALSE
1691;22/11/2019;2552;8257;1599;5097;5355;M;3;1;7;AB;TRUE
1692;23/11/2019;8942;4929;3521;8486;2671;H;2;2;3;O;FALSE
1693;24/11/2019;5024;4397;3528;7921;9579;M;1;2;6;A;TRUE
1694;25/11/2019;1404;6208;1659;2286;1281;H;3;3;5;B;FALSE
1695;26/11/2019;5734;3488;2420;7059;5919;M;4;1;4;AB;TRUE
1696;27/11/2019;4302;8345;7079;9859;1759;H;3;2;4;O;FALSE
1697;28/11/2019;8627;9135;2906;4221;8408;M;2;3;2;A;TRUE
1698;29/11/2019;8760;6719;4166;3864;8822;H;2;1;2;B;FALSE
1699;30/11/2019;9697;2729;9660;8475;7020;M;1;1;5;AB;TRUE
1700;1/12/2019;1926;1240;1360;5664;5335;H;2;3;5;O;FALSE
1701;2/12/2019;3626;3796;7375;3361;7153;M;3;1;1;A;TRUE
1702;3/12/2019;6745;6643;2314;7551;7505;H;4;1;4;B;FALSE
1703;4/12/2019;1131;8435;3051;1720;7752;M;1;1;3;AB;TRUE
1704;5/12/2019;3210;5630;6428;2088;8842;H;2;1;7;O;FALSE
1705;6/12/2019;8808;9231;9920;3990;9507;M;3;2;6;A;TRUE
1706;7/12/2019;8047;9593;1968;3910;4234;H;4;1;3;B;FALSE
1707;8/12/2019;8280;5616;4758;8862;1487;M;1;3;2;AB;TRUE
1708;9/12/2019;5759;1529;5350;2496;3500;H;3;3;2;O;FALSE
1709;10/12/2019;6573;2650;4366;1866;4968;M;3;3;2;A;TRUE
1710;11/12/2019;7434;5926;7407;9370;2712;H;1;1;7;B;FALSE
1711;12/12/2019;4159;2589;8417;7306;6833;M;2;3;7;AB;TRUE
1712;13/12/2019;5412;6290;7366;7478;8030;H;4;2;2;O;FALSE
1713;14/12/2019;2183;1911;7067;3975;5572;M;1;2;7;A;TRUE
1714;15/12/2019;7635;7488;3687;8515;5480;H;3;1;2;B;FALSE
1715;16/12/2019;1011;5358;5623;7581;1893;M;2;1;3;AB;TRUE
1716;17/12/2019;6988;2237;5488;9486;5100;H;3;1;7;O;FALSE
1717;18/12/2019;4212;5981;2546;1531;2623;M;4;3;1;A;TRUE
1718;19/12/2019;5794;5826;5034;7263;8599;H;1;1;4;B;FALSE
1719;20/12/2019;2161;1081;8359;5845;4822;M;3;3;7;AB;TRUE
1720;21/12/2019;3639;1351;8858;6376;1609;H;3;2;3;O;FALSE
1721;22/12/2019;5180;5272;3076;5150;4561;M;4;1;3;A;TRUE
1722;23/12/2019;9804;3783;1984;7428;7326;H;4;3;1;B;FALSE
1723;24/12/2019;4741;4777;3234;1095;3702;M;3;2;1;AB;TRUE
1724;25/12/2019;8907;7834;4977;6724;3158;H;2;3;1;O;FALSE
1725;26/12/2019;9527;6322;8802;7440;6822;M;4;2;4;A;TRUE
1726;27/12/2019;1957;8436;6568;2306;3163;H;2;2;5;B;FALSE
1727;28/12/2019;5208;6585;7773;5869;4726;M;3;2;5;AB;TRUE
1728;29/12/2019;2760;3956;6849;5797;7198;H;2;2;1;O;FALSE
1729;30/12/2019;7536;9078;4985;1027;3234;M;3;2;2;A;TRUE
1730;31/12/2019;7355;2462;9937;7955;6227;H;4;3;1;B;FALSE
1731;1/1/2020;2432;1484;5709;9650;4744;M;4;1;7;AB;TRUE
1732;2/1/2020;5175;4854;2329;5792;8126;H;4;2;4;O;FALSE
1733;3/1/2020;2444;1944;8007;2359;4719;M;4;1;4;A;TRUE
1734;4/1/2020;6818;6628;1607;6627;7781;H;2;3;7;B;FALSE
1735;5/1/2020;3893;8351;2909;1831;2305;M;3;2;3;AB;TRUE
1736;6/1/2020;8742;3160;6126;9434;7146;H;2;1;4;O;FALSE
1737;7/1/2020;5553;4650;7317;3952;4521;M;2;1;3;A;TRUE
1738;8/1/2020;2414;1219;6649;3052;1179;H;3;1;7;B;FALSE
1739;9/1/2020;3417;1958;9540;2279;6842;M;1;3;3;AB;TRUE
1740;10/1/2020;4347;9598;3389;3602;5280;H;3;3;7;O;FALSE
1741;11/1/2020;3349;3217;5339;7622;2963;M;4;2;7;A;TRUE
1742;12/1/2020;3151;8940;3574;8244;5352;H;2;3;4;B;FALSE
1743;13/1/2020;5184;5444;6143;8927;8721;M;4;2;3;AB;TRUE
1744;14/1/2020;7514;5061;1983;7783;1817;H;3;1;2;O;FALSE
1745;15/1/2020;3622;5183;9513;5297;5755;M;4;1;4;A;TRUE
1746;16/1/2020;5746;3414;9426;1186;1613;H;2;2;3;B;FALSE
1747;17/1/2020;4533;9855;7045;4433;5651;M;1;2;7;AB;TRUE
1748;18/1/2020;8664;1334;3341;5734;9716;H;2;1;4;O;FALSE
1749;19/1/2020;3283;1612;7601;6194;7043;M;3;3;2;A;TRUE
1750;20/1/2020;9786;3893;1081;9999;4913;H;2;3;2;B;FALSE
1751;21/1/2020;8749;1642;2823;2968;7210;M;4;1;4;AB;TRUE
1752;22/1/2020;9753;2589;2890;2027;5189;H;4;3;6;O;FALSE
1753;23/1/2020;4871;4996;7879;7342;7714;M;3;3;1;A;TRUE
1754;24/1/2020;3931;5408;5833;5126;9623;H;3;2;7;B;FALSE
1755;25/1/2020;3825;6882;8868;5330;9590;M;2;2;3;AB;TRUE
1756;26/1/2020;8210;8695;3440;2379;8120;H;3;2;4;O;FALSE
1757;27/1/2020;8133;1800;2314;1042;6256;M;2;2;7;A;TRUE
1758;28/1/2020;8374;3524;8147;1322;3291;H;1;3;4;B;FALSE
1759;29/1/2020;3556;3716;6534;3409;8081;M;3;2;5;AB;TRUE
1760;30/1/2020;1795;3307;8164;1680;9647;H;3;2;6;O;FALSE
1761;31/1/2020;9632;2845;5089;3156;1714;M;1;3;5;A;TRUE
1762;1/2/2020;7884;2011;2057;5283;7358;H;3;1;1;B;FALSE
1763;2/2/2020;4769;1700;7047;6296;7913;M;2;2;1;AB;TRUE
1764;3/2/2020;4855;3551;7242;5748;1415;H;2;2;2;O;FALSE
1765;4/2/2020;6894;1461;3424;2941;3079;M;4;3;6;A;TRUE
1766;5/2/2020;2728;2438;3826;7747;8180;H;4;1;1;B;FALSE
1767;6/2/2020;4921;2768;5367;5098;5245;M;1;3;2;AB;TRUE
1768;7/2/2020;1226;5940;7891;2698;3679;H;4;2;6;O;FALSE
1769;8/2/2020;3404;6969;1661;7087;1022;M;4;1;2;A;TRUE
1770;9/2/2020;2661;7774;5737;5135;4656;H;4;1;2;B;FALSE
1771;10/2/2020;3992;6491;3296;3303;9253;M;1;2;4;AB;TRUE
1772;11/2/2020;1738;9763;2518;3757;9756;H;2;2;7;O;FALSE
1773;12/2/2020;6289;8606;6583;4059;6147;M;2;1;2;A;TRUE
1774;13/2/2020;1799;8075;1458;6818;8118;H;1;1;1;B;FALSE
1775;14/2/2020;5198;3065;9773;4104;1601;M;2;3;6;AB;TRUE
1776;15/2/2020;6039;2574;5218;5252;1018;H;1;3;4;O;FALSE
1777;16/2/2020;5467;3026;7292;3292;1279;M;1;3;2;A;TRUE
1778;17/2/2020;4941;3922;5018;4817;8052;H;3;2;5;B;FALSE
1779;18/2/2020;3368;6919;7764;9899;7654;M;2;2;1;AB;TRUE
1780;19/2/2020;3070;8614;7585;9032;4878;H;1;2;6;O;FALSE
1781;20/2/2020;1053;9720;6925;3129;1821;M;3;1;7;A;TRUE
1782;21/2/2020;7743;4811;9022;3990;2177;H;3;3;1;B;FALSE
1783;22/2/2020;6432;9324;6459;6398;1736;M;4;3;6;AB;TRUE
1784;23/2/2020;6888;4976;3089;1998;1366;H;3;2;7;O;FALSE
1785;24/2/2020;3465;5063;8426;9548;5344;M;3;1;3;A;TRUE
1786;25/2/2020;1821;5925;9281;7249;4281;H;1;2;4;B;FALSE
1787;26/2/2020;7980;4190;5632;7632;6521;M;3;2;6;AB;TRUE
1788;27/2/2020;9459;5950;5183;4016;9330;H;1;2;4;O;FALSE
1789;28/2/2020;8095;8510;5428;6474;8305;M;4;3;5;A;TRUE
1790;29/2/2020;9445;3339;3862;1806;6800;H;4;2;2;B;FALSE
1791;1/3/2020;4907;7450;9364;8934;3569;M;4;1;6;AB;TRUE
1792;2/3/2020;5033;1804;8746;2318;9853;H;1;3;4;O;FALSE
1793;3/3/2020;4818;4856;6194;5146;3806;M;3;1;4;A;TRUE
1794;4/3/2020;6799;1525;8911;1079;8334;H;3;1;7;B;FALSE
1795;5/3/2020;3044;7192;9461;3410;9712;M;2;1;7;AB;TRUE
1796;6/3/2020;2762;5854;1098;7459;8793;H;2;1;1;O;FALSE
1797;7/3/2020;4082;3528;2772;7532;6489;M;2;3;3;A;TRUE
1798;8/3/2020;5632;5383;7377;9090;8674;H;2;2;6;B;FALSE
1799;9/3/2020;1542;5260;9815;9521;7511;M;2;1;3;AB;TRUE
1800;10/3/2020;2919;7477;9916;8274;2866;H;1;3;5;O;FALSE
1801;11/3/2020;5431;7493;9445;6251;8788;M;2;1;1;A;TRUE
1802;12/3/2020;1834;6680;9921;9561;2377;H;1;2;6;B;FALSE
1803;13/3/2020;8136;9633;8811;6264;1119;M;4;2;5;AB;TRUE
1804;14/3/2020;1622;3636;9724;8042;7377;H;2;2;4;O;FALSE
1805;15/3/2020;1715;6201;3645;5377;9797;M;1;1;6;A;TRUE
1806;16/3/2020;9824;5273;5083;6081;8763;H;1;3;4;B;FALSE
1807;17/3/2020;9798;2395;2042;4196;6721;M;3;2;5;AB;TRUE
1808;18/3/2020;2572;7151;2213;9486;5398;H;2;3;4;O;FALSE
1809;19/3/2020;8350;2750;3269;9696;3678;M;1;1;1;A;TRUE
1810;20/3/2020;3184;5762;5287;1117;2841;H;4;3;6;B;FALSE
1811;21/3/2020;4433;3523;9556;6338;5352;M;3;1;5;AB;TRUE
1812;22/3/2020;5122;5800;2209;5639;3227;H;1;3;3;O;FALSE
1813;23/3/2020;8343;7492;6484;2051;5801;M;3;2;6;A;TRUE
1814;24/3/2020;3148;5152;6336;4412;4304;H;2;1;2;B;FALSE
1815;25/3/2020;4848;4270;6327;5690;1196;M;3;2;3;AB;TRUE
1816;26/3/2020;5312;9236;3128;9878;6077;H;4;3;3;O;FALSE
1817;27/3/2020;9248;3250;9415;9450;1852;M;4;1;7;A;TRUE
1818;28/3/2020;3182;1519;3515;4002;9014;H;3;3;4;B;FALSE
1819;29/3/2020;1093;3085;2350;9896;8475;M;2;1;1;AB;TRUE
1820;30/3/2020;9935;3310;6875;3925;4620;H;1;2;3;O;FALSE
1821;31/3/2020;6248;1720;5183;2554;7661;M;2;2;7;A;TRUE
1822;1/4/2020;9617;7188;5614;3752;8997;H;1;1;7;B;FALSE
1823;2/4/2020;3714;6773;6620;1447;4856;M;4;1;6;AB;TRUE
1824;3/4/2020;9173;1430;5437;7755;6951;H;3;1;2;O;FALSE
1825;4/4/2020;9916;2253;6163;2975;5291;M;3;2;4;A;TRUE
1826;5/4/2020;4787;4042;7409;3711;9749;H;2;2;7;B;FALSE
1827;6/4/2020;1366;1629;9173;5740;2480;M;3;1;2;AB;TRUE
1828;7/4/2020;5657;8173;7868;5293;7539;H;2;3;4;O;FALSE
1829;8/4/2020;7394;3294;1426;1178;5570;M;2;1;1;A;TRUE
1830;9/4/2020;3564;5351;6598;5273;8123;H;3;1;2;B;FALSE
1831;10/4/2020;7859;5759;3018;4710;4995;M;3;2;5;AB;TRUE
1832;11/4/2020;3585;4565;4897;6755;6014;H;3;3;2;O;FALSE
1833;12/4/2020;2849;2309;1892;3645;9067;M;4;3;1;A;TRUE
1834;13/4/2020;9432;2481;6259;8739;7688;H;3;2;2;B;FALSE
1835;14/4/2020;2451;4406;6157;8937;5068;M;1;2;1;AB;TRUE
1836;15/4/2020;8943;5623;9737;9534;9262;H;3;2;7;O;FALSE
1837;16/4/2020;6131;5752;4895;1460;9230;M;1;2;7;A;TRUE
1838;17/4/2020;9324;9014;3680;5548;2359;H;2;3;7;B;FALSE
1839;18/4/2020;6499;3674;5102;6864;4741;M;4;3;5;AB;TRUE
1840;19/4/2020;4029;7276;2347;7966;3774;H;4;2;2;O;FALSE
1841;20/4/2020;8916;5375;2307;4031;2257;M;2;2;5;A;TRUE
1842;21/4/2020;6402;9083;7510;8645;6459;H;4;3;1;B;FALSE
1843;22/4/2020;9803;9107;9433;5362;9887;M;2;2;1;AB;TRUE
1844;23/4/2020;3801;8352;9676;7977;7107;H;4;3;3;O;FALSE
1845;24/4/2020;7147;9594;4102;3417;9911;M;2;3;5;A;TRUE
1846;25/4/2020;9505;9912;9334;6969;2622;H;3;1;4;B;FALSE
1847;26/4/2020;9541;7471;9686;7547;2991;M;1;2;1;AB;TRUE
1848;27/4/2020;5545;8393;3511;3871;9692;H;3;3;5;O;FALSE
1849;28/4/2020;5647;4107;6818;9752;2115;M;3;1;3;A;TRUE
1850;29/4/2020;2474;9011;3752;6398;4017;H;2;3;3;B;FALSE
1851;30/4/2020;1780;2413;1799;7316;1027;M;4;3;2;AB;TRUE
1852;1/5/2020;1044;3402;9736;4703;7150;H;3;3;4;O;FALSE
1853;2/5/2020;6835;5041;5192;9072;5126;M;3;2;1;A;TRUE
1854;3/5/2020;1962;9206;3145;6128;7371;H;2;3;2;B;FALSE
1855;4/5/2020;8808;7454;1385;7275;7666;M;3;1;2;AB;TRUE
1856;5/5/2020;9982;9559;4907;9436;3122;H;4;3;3;O;FALSE
1857;6/5/2020;8384;3552;8008;1852;6667;M;2;2;6;A;TRUE
1858;7/5/2020;4082;9083;7567;9753;5251;H;2;3;2;B;FALSE
1859;8/5/2020;9833;5322;3611;5204;6914;M;2;3;7;AB;TRUE
1860;9/5/2020;5670;8884;4283;2861;8217;H;2;1;5;O;FALSE
1861;10/5/2020;1236;9360;1552;6298;2560;M;2;2;6;A;TRUE
1862;11/5/2020;2500;6092;1305;9988;3736;H;3;2;1;B;FALSE
1863;12/5/2020;1759;1493;6198;5696;1785;M;3;1;6;AB;TRUE
1864;13/5/2020;1906;7346;7173;7674;1317;H;1;2;7;O;FALSE
1865;14/5/2020;1472;6552;6186;1991;1499;M;1;1;4;A;TRUE
1866;15/5/2020;6004;1338;5298;9064;4576;H;1;3;2;B;FALSE
1867;16/5/2020;3010;8914;5842;3778;9773;M;4;1;6;AB;TRUE
1868;17/5/2020;5650;5497;8034;5406;5496;H;1;2;5;O;FALSE
1869;18/5/2020;9778;8327;5930;6372;3973;M;3;3;1;A;TRUE
1870;19/5/2020;3756;5845;3443;4599;7611;H;2;3;3;B;FALSE
1871;20/5/2020;4491;4085;6314;1300;5100;M;4;3;1;AB;TRUE
1872;21/5/2020;9960;8878;8970;3756;2664;H;3;2;7;O;FALSE
1873;22/5/2020;2793;3128;5725;3160;8274;M;4;1;7;A;TRUE
1874;23/5/2020;6877;8371;9738;9176;5600;H;3;1;6;B;FALSE
1875;24/5/2020;5961;4215;9611;1937;1308;M;2;1;4;AB;TRUE
1876;25/5/2020;6611;2498;6547;2953;9399;H;1;3;2;O;FALSE
1877;26/5/2020;1668;1505;8359;7065;5477;M;1;3;6;A;TRUE
1878;27/5/2020;5453;8424;3918;8923;6721;H;1;2;1;B;FALSE
1879;28/5/2020;7720;9145;8105;4715;1884;M;1;1;5;AB;TRUE
1880;29/5/2020;6219;5506;1274;4842;6450;H;1;1;4;O;FALSE
1881;30/5/2020;8676;4181;8929;5348;6372;M;2;2;4;A;TRUE
1882;31/5/2020;4744;7446;7901;1408;9684;H;4;3;4;B;FALSE
1883;1/6/2020;3090;8693;3467;8768;1786;M;2;1;3;AB;TRUE
1884;2/6/2020;9866;1562;7469;7206;9919;H;4;3;7;O;FALSE
1885;3/6/2020;9082;3357;1872;7843;2731;M;4;3;4;A;TRUE
1886;4/6/2020;8878;2486;1694;8107;4739;H;1;1;3;B;FALSE
1887;5/6/2020;5261;4903;9840;5497;4219;M;3;2;6;AB;TRUE
1888;6/6/2020;8955;6582;3461;7282;4687;H;3;1;6;O;FALSE
1889;7/6/2020;8327;2076;8294;8450;4783;M;1;3;5;A;TRUE
1890;8/6/2020;2446;3727;3416;4478;9389;H;3;2;2;B;FALSE
1891;9/6/2020;5081;8864;3167;8245;2663;M;2;1;2;AB;TRUE
1892;10/6/2020;7380;9589;1863;3343;8653;H;3;3;7;O;FALSE
1893;11/6/2020;5907;8483;4742;5584;9702;M;1;2;4;A;TRUE
1894;12/6/2020;9882;9940;3055;7756;5018;H;1;3;5;B;FALSE
1895;13/6/2020;4167;2018;9205;9940;5238;M;3;1;5;AB;TRUE
1896;14/6/2020;1760;7808;4929;6122;8657;H;1;2;3;O;FALSE
1897;15/6/2020;2006;4781;4329;9594;7662;M;1;1;2;A;TRUE
1898;16/6/2020;8677;1587;7089;5713;3508;H;3;1;2;B;FALSE
1899;17/6/2020;4274;4261;6925;6153;4299;M;3;1;5;AB;TRUE
1900;18/6/2020;6979;6222;8385;6951;9865;H;3;3;7;O;FALSE
1901;19/6/2020;2892;5299;5248;4529;4731;M;4;1;1;A;TRUE
1902;20/6/2020;4755;6626;8382;6914;7268;H;4;2;5;B;FALSE
1903;21/6/2020;9623;4947;6442;9531;2697;M;4;1;7;AB;TRUE
1904;22/6/2020;1591;9343;5601;5726;9127;H;3;1;6;O;FALSE
1905;23/6/2020;8827;5944;8267;7362;1400;M;4;2;5;A;TRUE
1906;24/6/2020;3361;8373;8785;1667;8631;H;2;3;6;B;FALSE
1907;25/6/2020;3843;6727;7505;7989;1900;M;2;1;6;AB;TRUE
1908;26/6/2020;4213;8648;5555;3088;6791;H;2;2;3;O;FALSE
1909;27/6/2020;1621;1543;5552;4483;4349;M;3;2;5;A;TRUE
1910;28/6/2020;7794;6884;8169;4969;1674;H;1;3;2;B;FALSE
1911;29/6/2020;5025;9268;8717;2833;3569;M;2;1;2;AB;TRUE
1912;30/6/2020;3245;7416;2349;5447;6841;H;2;3;4;O;FALSE
1913;1/7/2020;1159;5529;5058;9233;5133;M;3;1;1;A;TRUE
1914;2/7/2020;4040;3318;2551;8168;3056;H;4;3;5;B;FALSE
1915;3/7/2020;5774;2361;5849;6030;6058;M;2;1;1;AB;TRUE
1916;4/7/2020;7476;6414;4740;5345;6003;H;3;2;4;O;FALSE
1917;5/7/2020;6992;7320;6013;1266;6050;M;2;2;6;A;TRUE
1918;6/7/2020;1687;6191;4988;5790;7445;H;1;3;3;B;FALSE
1919;7/7/2020;9679;7433;2286;6499;5036;M;3;3;5;AB;TRUE
1920;8/7/2020;8594;4251;8397;6430;4353;H;3;2;2;O;FALSE
1921;9/7/2020;5366;3693;3306;8548;5720;M;3;1;3;A;TRUE
1922;10/7/2020;6117;7702;9292;4880;9213;H;4;3;7;B;FALSE
1923;11/7/2020;5870;6016;9136;6917;1317;M;2;2;4;AB;TRUE
1924;12/7/2020;5269;5170;4314;6697;8406;H;1;1;5;O;FALSE
1925;13/7/2020;4706;2423;3154;5418;6438;M;2;3;6;A;TRUE
1926;14/7/2020;4837;8748;2932;5669;1002;H;2;2;7;B;FALSE
1927;15/7/2020;7192;9335;6248;1572;1712;M;3;2;1;AB;TRUE
1928;16/7/2020;3262;4000;8910;9699;3268;H;1;1;7;O;FALSE
1929;17/7/2020;9034;3262;6924;9083;4871;M;2;1;1;A;TRUE
1930;18/7/2020;3524;2311;9041;6813;9902;H;1;3;5;B;FALSE
1931;19/7/2020;4704;3315;5108;1922;1404;M;2;2;4;AB;TRUE
1932;20/7/2020;6827;4586;7963;1451;2149;H;1;2;2;O;FALSE
1933;21/7/2020;5630;3581;8235;6839;4075;M;1;2;1;A;TRUE
1934;22/7/2020;2650;5882;3022;7033;6386;H;4;3;2;B;FALSE
1935;23/7/2020;4678;6202;3863;5432;2004;M;2;1;7;AB;TRUE
1936;24/7/2020;7112;6389;9362;6430;5627;H;2;3;7;O;FALSE
1937;25/7/2020;1494;5457;2057;8782;4656;M;1;1;5;A;TRUE
1938;26/7/2020;6414;3282;1662;7814;7773;H;3;1;7;B;FALSE
1939;27/7/2020;5505;2421;9109;1635;4741;M;3;1;2;AB;TRUE
1940;28/7/2020;8797;6899;4646;6566;4715;H;2;2;4;O;FALSE
1941;29/7/2020;8984;7901;3739;5767;8024;M;4;3;6;A;TRUE
1942;30/7/2020;1300;3877;6349;4073;2570;H;2;1;6;B;FALSE
1943;31/7/2020;2060;9247;5048;7520;6692;M;2;2;3;AB;TRUE
1944;1/8/2020;4979;9559;6706;4174;6044;H;4;2;5;O;FALSE
1945;2/8/2020;7472;4610;4950;2559;3262;M;3;2;1;A;TRUE
1946;3/8/2020;8863;8452;6114;4506;1158;H;1;2;5;B;FALSE
1947;4/8/2020;7794;9067;5709;8770;2522;M;4;3;3;AB;TRUE
1948;5/8/2020;3570;8162;3411;2724;2990;H;2;1;4;O;FALSE
1949;6/8/2020;2661;6564;6480;8505;9924;M;1;3;4;A;TRUE
1950;7/8/2020;5255;1162;3961;7646;7653;H;3;2;7;B;FALSE
1951;8/8/2020;3447;1961;9314;6609;9185;M;1;1;1;AB;TRUE
1952;9/8/2020;5510;5109;7919;2755;2807;H;3;1;2;O;FALSE
1953;10/8/2020;4523;7917;7894;9936;8562;M;2;2;3;A;TRUE
1954;11/8/2020;6868;5177;4368;4206;8437;H;2;2;1;B;FALSE
1955;12/8/2020;1605;7516;3996;8286;4079;M;4;1;2;AB;TRUE
1956;13/8/2020;5780;6992;2692;7471;8291;H;2;2;4;O;FALSE
1957;14/8/2020;5393;4600;1862;9858;6424;M;1;3;5;A;TRUE
1958;15/8/2020;3218;6944;2332;1867;5158;H;1;2;7;B;FALSE
1959;16/8/2020;2514;5838;7697;7463;6300;M;3;2;4;AB;TRUE
1960;17/8/2020;5151;8655;4715;9174;7127;H;3;2;4;O;FALSE
1961;18/8/2020;5808;7409;7414;6660;3362;M;4;3;2;A;TRUE
1962;19/8/2020;6465;6787;5113;5237;8635;H;3;2;7;B;FALSE
1963;20/8/2020;7119;4729;2139;7257;4068;M;2;1;3;AB;TRUE
1964;21/8/2020;5263;9093;7208;2038;9753;H;2;3;7;O;FALSE
1965;22/8/2020;7431;1941;8237;1490;8991;M;4;2;7;A;TRUE
1966;23/8/2020;7451;3425;4946;1763;6198;H;3;2;3;B;FALSE
1967;24/8/2020;2079;6171;2481;6840;8778;M;3;3;1;AB;TRUE
1968;25/8/2020;4547;9201;2237;9640;8160;H;3;3;1;O;FALSE
1969;26/8/2020;8802;5763;6906;9669;2189;M;2;3;6;A;TRUE
1970;27/8/2020;7591;5244;1539;6121;5030;H;1;1;6;B;FALSE
1971;28/8/2020;3717;7497;2860;8496;9451;M;3;3;4;AB;TRUE
1972;29/8/2020;9919;3124;5208;1995;5496;H;4;1;1;O;FALSE
1973;30/8/2020;4216;7306;2771;7561;1204;M;4;3;1;A;TRUE
1974;31/8/2020;8071;8298;9435;6001;8189;H;4;1;5;B;FALSE
1975;1/9/2020;6633;8269;9499;5239;3527;M;4;2;6;AB;TRUE
1976;2/9/2020;1811;2683;9678;9066;2861;H;3;1;2;O;FALSE
1977;3/9/2020;9205;5238;8578;1187;2142;M;4;1;2;A;TRUE
1978;4/9/2020;2981;2024;2036;6467;1370;H;3;3;6;B;FALSE
1979;5/9/2020;4244;3934;4264;4034;5919;M;4;2;1;AB;TRUE
1980;6/9/2020;9436;6148;1319;6642;2542;H;3;2;2;O;FALSE
1981;7/9/2020;6137;4290;6047;4035;3510;M;1;3;1;A;TRUE
1982;8/9/2020;8790;8157;7165;4094;9739;H;3;2;2;B;FALSE
1983;9/9/2020;9535;4451;8471;6779;1512;M;1;2;4;AB;TRUE
1984;10/9/2020;2581;7920;1614;4194;5256;H;3;1;1;O;FALSE
1985;11/9/2020;1169;6033;8443;4048;1039;M;1;3;4;A;TRUE
1986;12/9/2020;5926;1623;2138;2279;8842;H;3;2;4;B;FALSE
1987;13/9/2020;3795;8075;1740;7724;9101;M;3;3;5;AB;TRUE
1988;14/9/2020;4552;2344;8990;3230;3853;H;4;1;5;O;FALSE
1989;15/9/2020;3653;5515;6761;4255;2819;M;3;1;4;A;TRUE
1990;16/9/2020;6386;8153;4540;4413;5254;H;2;2;5;B;FALSE
1991;17/9/2020;3861;6698;9053;3225;7315;M;2;1;7;AB;TRUE
1992;18/9/2020;4057;9930;3194;6806;5966;H;3;3;2;O;FALSE
1993;19/9/2020;3131;9386;9187;6657;2845;M;2;2;6;A;TRUE
1994;20/9/2020;2917;6366;3456;2107;5687;H;2;3;6;B;FALSE
1995;21/9/2020;8563;5257;4632;4881;7976;M;1;2;2;AB;TRUE
1996;22/9/2020;4301;9740;9516;9980;8554;H;3;3;1;O;FALSE
1997;23/9/2020;6120;8358;3418;6264;2190;M;2;2;1;A;TRUE
1998;24/9/2020;1752;6195;6655;9014;1087;H;3;1;2;B;FALSE
1999;25/9/2020;7199;8458;2294;5119;4586;M;1;1;2;AB;TRUE
2000;26/9/2020;9291;7164;8415;4993;4239;H;3;2;7;O;FALSE
